month,number_of_vessels,gross_tonnage,wind_speed_ms
1995-01,8876,58978.63,8.99
1995-02,7593,53786.76,9.63
1995-03,8610,58440.76,6.52
1995-04,8483,59351.66,5.32
1995-05,8749,61696.06,6.08
1995-06,8507,55360.23,6.02
1995-07,8669,61310.53,8.37
1995-08,8498,60099.24,7.69
1995-09,8582,58360.88,7.02
1995-10,9140,60323.65,6.73
1995-11,8788,58842.38,7.76
1995-12,9519,64021.76,9.39
1996-01,9592,62435.31,8.64
1996-02,8687,61216.38,8.86
1996-03,9971,67916.82,7.61
1996-04,9633,63416.76,5.65
1996-05,9836,65486.31,6.23
1996-06,9635,63610.22,6.56
1996-07,10046,64756.1,7.08
1996-08,9888,64188.05,6.43
1996-09,9840,63964.23,7.51
1996-10,10218,63443.46,8.98
1996-11,10083,63469.45,8.05
1996-12,10294,64617.48,8.64
1997-01,10726,66987.03,8.23
1997-02,8945,58575.94,7.60
1997-03,10605,64322.54,6.94
1997-04,10332,66139.2,5.66
1997-05,10861,68990.93,6.04
1997-06,10730,66250.85,7.63
1997-07,11334,70501.76,7.81
1997-08,11169,69369.87,7.96
1997-09,11317,66701.84,6.90
1997-10,11481,72514.76,6.17
1997-11,11075,65783.73,5.44
1997-12,11758,72166.34,6.89
1998-01,11479,75372,7.38
1998-02,10631,67629,7.43
1998-03,11640,70675,7.00
1998-04,11095,67126,6.42
1998-05,11909,72884,5.94
1998-06,11702,70458,5.87
1998-07,11915,73530,6.62
1998-08,12030,71495,6.66
1998-09,11904,70952,6.31
1998-10,12078,73017,8.35
1998-11,12088,69784,8.67
1998-12,12451,74733,7.52
1999-01,12227,77270,7.51
1999-02,10743,65346,7.47
1999-03,12393,75934,6.69
1999-04,11822,73570,6.31
1999-05,12033,75977,5.30
1999-06,11750,71145,6.65
1999-07,12341,73503,7.30
1999-08,12059,72860,6.99
1999-09,11639,72681,6.80
1999-10,11776,75110,9.22
1999-11,11176,70150,7.36
1999-12,11564,73581,9.47
2000-01,11433,76261,8.85
2000-02,10894,69437,7.92
2000-03,12297,73167,6.64
2000-04,12004,76678,6.04
2000-05,12394,78392,5.73
2000-06,12425,74873,6.20
2000-07,12612,78893,7.55
2000-08,12363,76848,6.92
2000-09,11934,75658,6.50
2000-10,12511,80766,7.88
2000-11,12107,73453,6.68
2000-12,12409,75754,6.79
2001-01,12186,79224,7.16
2001-02,11131,67571,7.30
2001-03,12574,78792,6.97
2001-04,11862,76961,5.86
2001-05,12561,79461,5.92
2001-06,12048,78941,6.31
2001-07,12912,81576,7.82
2001-08,12696,82116,7.02
2001-09,12055,81410,6.94
2001-10,12454,86959,6.50
2001-11,11871,82403,7.93
2001-12,11915,84679,11.44
2002-01,11910,80725,8.42
2002-02,10512,72197,8.16
2002-03,12115,83814,7.85
2002-04,11631,83301.68,6.03
2002-05,12089,83278.31,5.91
2002-06,11719,80569.54,6.52
2002-07,12458,84008.85,7.75
2002-08,12178,80024.85,7.78
2002-09,11878,77540.36,6.26
2002-10,12369,82294.82,5.89
2002-11,11976,81265.35,6.58
2002-12,11911,82725.59,6.17
2003-01,12072,84330,8.51
2003-02,10478,76666,8.12
2003-03,11860,86087,6.80
2003-04,11108,82549.02,4.88
2003-05,10837,81544.12,6.91
2003-06,10755,82240.69,6.78
2003-07,11317,82114.75,7.65
2003-08,11284,84578.22,6.69
2003-09,11098,81299.04,6.96
2003-10,11502,81053.1,8.51
2003-11,11342,80152.34,6.56
2003-12,11733,83777.65,8.01
2004-01,11448,85613.29,8.23
2004-02,10724,78549.91,7.91
2004-03,11882,87601.49,8.41
2004-04,10466,85315.19,5.66
2004-05,10975,86620.17,7.16
2004-06,10764,84301.33,7.54
2004-07,11287,88464.94,7.57
2004-08,11028,87568.46,7.84
2004-09,10933,89413.4,6.84
2004-10,10950,88375.68,6.48
2004-11,11018,90054.61,6.93
2004-12,11710,90568.74,7.60
2005-01,11744,94921.03,8.73
2005-02,10025,82601.5,8.20
2005-03,11345,94532.38,8.37
2005-04,11044,93755.58,6.67
2005-05,11260,96557.58,6.24
2005-06,10764,95610.46,7.30
2005-07,10826,96520.87,6.83
2005-08,10878,101965.58,6.93
2005-09,10498,95312.08,6.90
2005-10,10922,102079.07,8.10
2005-11,10263,97604,8.58
2005-12,10749,100331.32,8.70
2006-01,10536,106128.33,8.14
2006-02,9791,97913.96,7.67
2006-03,11200,109126.56,6.88
2006-04,10563,106111.17,5.28
2006-05,10952,113660.29,6.37
2006-06,10857,110807.87,6.75
2006-07,10858,109693.22,7.69
2006-08,10952,115588.86,8.13
2006-09,10955,110819.07,6.67
2006-10,10743,110674.99,6.50
2006-11,10661,110184.37,5.07
2006-12,10854,114281.22,8.23
2007-01,10918,116827.95,8.48
2007-02,9604,107251.46,7.98
2007-03,10501,121907.22,6.18
2007-04,10252,117951.49,6.49
2007-05,10631,120523.55,6.61
2007-06,10585,122170.12,6.82
2007-07,11070,125429.43,6.54
2007-08,11146,124276.18,7.20
2007-09,10986,126751.99,7.92
2007-10,11083,126948.79,6.63
2007-11,10783,122889.22,8.58
2007-12,11009,126293.74,8.04
2008-01,11058,133639.39,7.87
2008-02,10043,122405.61,7.84
2008-03,11123,138680.5,6.48
2008-04,11149,140166.47,5.00
2008-05,11429,139235.44,6.32
2008-06,10879,129099.08,6.53
2008-07,11378,135435.38,7.09
2008-08,11201,141463.89,7.36
2008-09,10760,134320.78,6.84
2008-10,10897,133279.74,6.79
2008-11,10741,134173.63,6.46
2008-12,11037,139165.37,8.67
2009-01,10560,143000.94,8.69
2009-02,9889,127943.95,7.29
2009-03,11056,152495.16,5.94
2009-04,10698,145084.1,6.22
2009-05,11187,159583.81,6.69
2009-06,11029,143912.07,6.51
2009-07,11438,154009.24,7.54
2009-08,11261,153545.04,7.06
2009-09,10799,150253.54,6.67
2009-10,11163,155931.84,5.37
2009-11,10502,146712.59,8.82
2009-12,10993,152196.93,7.71
2010-01,10993,154239.92,7.12
2010-02,9981,145449.61,6.77
2010-03,10997,158543.48,6.54
2010-04,10431,153625.92,5.45
2010-05,10706,160764.34,6.52
2010-06,10598,160281.3,6.44
2010-07,10891,166138.94,7.00
2010-08,10645,160403.83,6.99
2010-09,10200,160709.78,5.83
2010-10,10546,168713.95,6.96
2010-11,10307,163733.77,8.05
2010-12,11004,166803.18,8.03
2011-01,10937,177800.37,7.88
2011-02,9488,159536.01,7.40
2011-03,10994,181779.73,6.54
2011-04,10401,169981.39,5.64
2011-05,10680,177334.92,6.30
2011-06,10468,170444.01,6.76
2011-07,11148,177243.74,7.55
2011-08,10827,181694.36,6.79
2011-09,10432,171645.38,7.13
2011-10,11069,188048.6,6.98
2011-11,10519,176604.58,7.76
2011-12,11035,188169.26,8.81
2012-01,10743,189814.3,7.63
2012-02,10120,171077.22,6.24
2012-03,11050,191939.61,7.39
2012-04,10669,186794.73,5.66
2012-05,11218,197793.99,6.86
2012-06,10790,186391.09,6.95
2012-07,11099,191730.34,7.02
2012-08,10825,189373.23,7.12
2012-09,10768,182714.03,6.16
2012-10,10959,189815.19,5.59
2012-11,10906,189931.92,5.85
2012-12,11275,186977.77,6.04
2013-01,11564,196666.51,7.27
2013-02,10363,175317.64,7.17
2013-03,11579,186301.9,6.94
2013-04,11360,189406.5,9.19
2013-05,11803,199605.17,5.59
2013-06,11565,189870.97,6.07
2013-07,11992,204455.07,7.12
2013-08,11921,198932.31,7.12
2013-09,11716,195350.07,6.50
2013-10,11975,196541.44,7.69
2013-11,11667,196355.79,7.01
2013-12,11912,197314.67,7.67
2014-01,11754,214747.99,8.48
2014-02,10679,180201.33,7.22
2014-03,11886,203364.36,7.53
2014-04,11432,193719.6,5.15
2014-05,11589,202037.11,5.90
2014-06,11227,189038.9,6.60
2014-07,11172,201324.76,6.45
2014-08,11091,199676.13,6.54
2014-09,10818,196684.14,6.84
2014-10,11281,195483.67,6.11
2014-11,10766,202040.57,5.66
2014-12,11188,192788.59,7.66
2015-01,11319,208715.82,7.83
2015-02,10240,189636.44,8.16
2015-03,11126,200481.36,6.58
2015-04,10762,205746.9,5.54
2015-05,11021,208615.37,5.87
2015-06,10960,202295.28,6.89
2015-07,11295,210948.97,7.13
2015-08,11536,225302.06,6.77
2015-09,11045,208557.53,7.69
2015-10,11144,210769.97,6.11
2015-11,11046,209418.93,5.41
2015-12,11428,223665.96,7.30
2016-01,11657,228884.75,7.53
2016-02,10621,204270.93,9.55
2016-03,11789,227512.94,8.01
2016-04,11530,225144.97,6.58
2016-05,11708,230315.97,7.20
2016-06,11454,222676.08,7.54
2016-07,11322,222866.89,6.99
2016-08,11708,227741.48,6.99
2016-09,11437,212086.81,6.76
2016-10,11928,220083.18,7.84
2016-11,11713,221311.82,6.81
2016-12,12131,219798.9,8.79
2017-01,11925,235318.82,9.36
2017-02,10666,207820.11,8.54
2017-03,12318,234466.89,6.53
2017-04,12260,229464.86,7.07
2017-05,12655,243798.14,6.20
2017-06,12275,235488.3,5.87
2017-07,11811,232044.65,7.47
2017-08,11916,234389.54,7.43
2017-09,11619,231419.21,7.07
2017-10,12549,234494.21,5.22
2017-11,12347,236194.06,9.01
2017-12,12806,244686.18,7.58
2018-01,12642,249644.26,9.01
2018-02,11130,224247.6,8.27
2018-03,12546,238689.49,7.51
2018-04,12133,241008.68,6.48
2018-05,12225,236607.12,5.48
2018-06,11192,226588.07,6.96
2018-07,11605,226025.24,7.17
2018-08,11389,222035,7.11
2018-09,11367,230532.88,6.61
2018-10,11629,233085.15,6.63
2018-11,11187,228495.25,7.25
2018-12,11723,235007.18,6.98
2019-01,11678,248250.1,8.46
2019-02,10275,214560.33,7.27
2019-03,11509,229405.25,6.94
2019-04,11243,226031.66,5.46
2019-05,11697,235453.73,6.24
2019-06,11138,227456.84,7.06
2019-07,11554,238850.89,7.78
2019-08,11739,236773.69,7.95
2019-09,11547,244462,7.72
2019-10,12026,250282.2,5.70
2019-11,11743,244544.16,5.53
2019-12,12148,258663.57,8.46
2020-01,12134,263882.76,7.57
2020-02,10879,234656.39,8.68
2020-03,9827,251387.54,6.72
2020-04,7015,230354.33,6.48
2020-05,6582,223323.1,6.22
2020-06,6701,227328.17,7.47
2020-07,7178,252004.77,7.69
2020-08,6958,244006.65,6.74
2020-09,7255,240460.26,7.42
2020-10,7502,243803.21,7.18
2020-11,7347,246267.65,6.31
2020-12,7479,245140.17,7.67
2021-01,7641,255333.36,9.33
2021-02,6990,236520.87,8.58
2021-03,7788,245081.71,7.16
2021-04,7500,239954.8,6.50
2021-05,7211,238117,5.71
2021-06,7247,231443.52,6.59
2021-07,7246,229192.22,7.26
2021-08,7178,226134.52,7.67
2021-09,6918,221138.04,8.57
2021-10,7098,230041.88,6.84
2021-11,7130,230994.76,7.39
2021-12,7286,229814.75,7.98
2022-01,7213,234263.48,7.41
2022-02,6440,207371.8,7.73
2022-03,7307,223085.29,5.98
2022-04,7608,225608.61,5.77
2022-05,7815,239397.63,7.03
2022-06,8301,230600.14,6.70
2022-07,9044,246795.37,6.81
2022-08,9129,244949.86,7.00
2022-09,8976,231414.27,7.57
2022-10,9451,251201.12,7.50
2022-11,9442,248477.98,7.60
2022-12,10081,245198.26,7.69
2023-01,10035,257447.53,9.70
2023-02,9202,226665.74,7.97
2023-03,10270,254529.63,8.29
2023-04,9987,259312.18,6.52
2023-05,10324,266695.5,7.93
2023-06,9845,250042.75,6.59
2023-07,10196,260278.92,8.56
2023-08,10070,263675.55,6.82
2023-09,10044,260668.89,7.48
2023-10,10364,262952.42,6.05
2023-11,10325,265224.41,6.58
2023-12,10741,266182.53,8.03
2024-01,10872,276629.63,7.71
2024-02,9987,252366.38,8.10
2024-03,10678,263626.61,7.24
2024-04,10066,250221.57,6.96
2024-05,10717,267371.92,8.12
2024-06,10107,240966.64,7.41
2024-07,10632,264463.05,7.90
2024-08,10796,261665.26,7.00
2024-09,10292,247633.18,8.28
2024-10,10724,263424.76,6.60
2024-11,10320,252960.33,6.74
2024-12,10727,271365.24,8.52
2025-01,10695,269554.58,8.88
2025-02,9660,227234.62,7.62
2025-03,10662,258091.47,7.81
2025-04,10558,260851.72,6.35
2025-05,11338,275644.96,6.60
2025-06,10841,262836.88,8.67
2025-07,11242,281540.66,6.93
2025-08,11182,277058.92,7.85
2025-09,10992,265274.34,7.20
2025-10,11552,280938.01,9.95
2025-11,11207,273269.65,7.97
2025-12,11892,288023.2,7.58
2026-01,12031,293346.24,8.68
2026-02,10886,257055.9,8.52
2026-03,11591,275916.11,7.33
2026-04,10873,261031.68,5.77
2026-05,11729,278622.13,6.11
